Transaction Date,Account Number,Account Holder Name,Amount,Status
2025-03-01,7289-3445-1121,Maria Johnson,150.00,Settled
2025-03-02,1122-3456-7890,John Smith,75.50,Pending
2025-03-03,3344-5566-7788,Robert Chen,220.25,Settled
2025-03-04,8899-0011-2233,Sarah Williams,310.75,Failed
2025-03-04,9988-7766-5544,David Garcia,45.99,Pending
2025-03-05,2233-4455-6677,Emily Taylor,500.00,Settled
2025-03-06,1357-2468-9012,Michael Brown,99.95,Settled
2025-03-07,5551-2345-6789,Jennifer Lee,175.25,Pending
2025-03-08,7890-1234-5678,Thomas Wilson,62.50,Failed
2025-03-08,1212-3434-5656,Jessica Martin,830.00,Settled
2025-03-09,9876-5432-1011,Christopher Davis,124.75,Pending
2025-03-10,4646-8282-1919,Amanda Robinson,300.50,Settled
2026-03-18,1231-2312-3123,Testor,9999999999999,Pending
2026-03-18,7777-7777-7777,Test2,777,Settled
2026-03-19,9888-8888-8888,Test3,88888,Pending
2026-03-20,7777-7777-7777,Test4,10000000000000000000,Pending
2026-02-12,9999-9999-9999,test5,123123123,Settled
